hometown,country
"Mills River, N.C.",USA
"Las Cruces, N.M.",USA
"Peoria, Ariz.",USA
"Fletcher, N.C.",USA
"McHenry, Ill.",USA
"Blythewood, S.C.",USA
"Eagan, Minn.",USA
"Watertown, Minn.",USA
"Stoneville, N.C.",USA
"Minneapolis, Minn.",USA
"Dayton, Minn.",USA
"Aiken, SC",USA
"Coral Springs, FL",USA
"Sellersburg, IN",USA
"Louisville, KY",USA
"New Albany, IN",USA
"Benton, KY",USA
"Cincinnati, OH",USA
"Loogootee, IN",USA
"Troy, OH",USA
"Georgetown, KY",USA
"DeWitt, MI",USA
"Glen Ellyn, IL",USA
"Muncie, IN",USA
"Charlotte, N.C.",USA
"LaSalle, Ill.",USA
"Kenyon, Minn.",USA
"Wilson, N.C.",USA
"Wayzata, Minn.",USA
"Beaumont, CA",USA
"Dallas, TX",USA
"Richmond, TX",USA
"Houston, TX",USA
"Mount Vernon, WA",USA
"Murrieta, CA",USA
"Mendota, IL",USA
"Gaffney, S.C.",USA
"Harrisburg, N.C.",USA
"Simpsonville, S.C.",USA
"Excelsior, Minn.",USA
"Milton, Ga.",USA
"Lakeville, Minn.",USA
"Cary, N.C.",USA
"Waconia, Minn.",USA
"Fort Mill, S.C.",USA
"Anderson, S.C.",USA
"Westampton, N.J.",USA
"Columbia, S.C.",USA
"Hilton Head Island, S.C.",USA
"River Edge, N.J.",USA
"New York, N.Y.",USA
"Sioux Falls, S.D.",USA
"Woodbury, Minn.",USA
"Sioux Falls, S.D",USA
"Webster, NY",USA
"Glendale, NY",USA
"Allen, TX",USA
"West Nyack, NY",USA
"Winter Springs, FL",USA
"Phoenix, AZ",USA
"Atlanta, GA",USA
"Corpus Christi, TX",USA
"Highland Mills, NY",USA
"Long Beach, CA",USA
"Spring Hill, FL",USA
"Peoria, AZ",USA
"Queens, NY",USA
"Junction City, KS",USA
"St. Petersburg, FL",USA
"New York City, N.Y.",USA
"Miller, S.D.",USA
"Pickens, S.C.",USA
"Marriot, Md.",USA
"Hampton, VA",USA
"Philadelphia, PA",USA
NA,USA
"Kernersville, N.C.",USA
"Knightdale, N.C.",USA
"Hendersonville, N.C.",USA
"Saint Paul, Minn.",USA
"Poughkeepsie, N.Y.",USA
"Wantagh, N.Y.",USA
"Bronx, N.Y.",USA
"Lake Grove, N.Y.",USA
"Eastchester, N.Y.",USA
"Commack, N.Y.",USA
"Rochester, Minn.",USA
"Lakeland, FL",USA
"Cullowhee, N.C.",USA
"Spartanburg, S.C.",USA
"Little River, S.C.",USA
"Hutchinson, Minn.",USA
"Coeur d’Alene, Idaho",USA
"San Antonio, TX",USA
"Portland, OR",USA
"Pendleton, IN",USA
"Latrobe, PA",USA
"Murphy, NC",USA
"Lewisville, TX",USA
"Florence, KY",USA
"Morris, IL",USA
"Austin, TX",USA
"Shelby Township, MI",USA
"Huntington Beach, CA",USA
"Canby, OR",USA
"Indianapolis, IN",USA
"Ankeny, IA",USA
"Fort Myers, FL",USA
"Playa Del Rey, CA",USA
"Stanfield, N.C.",USA
"Commerce Township, MI",USA
"Montclair, CA",USA
"Vista, CA",USA
"Middleton, WI",USA
"Round Rock, TX",USA
"Highlands Ranch, CO",USA
"Portland, TX",USA
"Hope Mills, NC",USA
"Rocklin, CA",USA
"Monroe, MI",USA
"Downingtown, PA",USA
"Boston, NY",USA
"Allendale, NJ",USA
"Brooklyn, NY",USA
"Heath, Texas",USA
"Chapel Hill, N.C.",USA
"Apex, N.C.",USA
"Parsippany, N.J.",USA
"McKinney, Texas",USA
"Martinsburg, W.Va.",USA
"Stuart, FL.",USA
"Denver, N.C.",USA
"Orchard Park, N.Y.",USA
"Honolulu, HI",USA
"East Aurora, N.Y.",USA
"Raleigh, N.C.",USA
"Charleston, S.C.",USA
"Salisbury, N.C.",USA
"O'Fallon, Mo.",USA
"Baldwinsville, N.Y.",USA
"Macedon, N.Y.",USA
"DeWitt, Mich.",USA
"Maumee, OH",USA
"Trumbull,CT",USA
"Nocatee,FL",USA
"Pittsboro, NC",USA
"Greenwood, IN",USA
"Victor, N.Y.",USA
"Middletown, N.Y.",USA
"Arlington, VA",USA
"McKinney, Tex.",USA
"Arvada, Colo.",USA
"Summerfield, N.C.",USA
"Palm Desert, CA",USA
"Camarillo, CA",USA
"Yorkville, IL",USA
"Elkhorn, NE",USA
"Chippewa Falls, WI",USA
"Manteno, IL",USA
"Lapeer, MI",USA
"Lincoln, NE",USA
"Dike, IA",USA
"Sandusky, OH",USA
"Woodstock, IL",USA
"Nixa, MO",USA
"Watseka, IL",USA
"Jacksonville, IL",USA
"Macomb, IL",USA
"Bourbonnais, IL",USA
"Lemont, IL",USA
"Bonner Springs, KS",USA
"King of Prussia, Penn.",USA
"Jeffersonville, IN",USA
"Wichita, KS",USA
"High Point, N.C.",USA
"Huntersville, N.C.",USA
"Hollywood, FL",USA
"Mooresville, N.C.",USA
"Holly Springs, N.C.",USA
"Morganton, N.C.",USA
"Boone, N.C.",USA
"Brevard, N.C.",USA
"Grand Rapids, MN",USA
"Lake in the Hills, Ill.",USA
"Flora, Miss.",USA
"Selma, IN",USA
"Clarkston, MI",USA
"Loveland, OH",USA
"Bartlett, TN",USA
"Parker City, IN",USA
"Daytona Beach, FL",USA
"Tallahasee, FL",USA
"Hurdle Mills, N.C.",USA
"Niskayuna, N.Y.",USA
"Manlius, N.Y.",USA
"Smithtown, N.Y.",USA
"Merrick, N.Y.",USA
"Oxford, N.C.",USA
"Clifton, N.J.",USA
"Rockaway, N.J.",USA
"Washington, D.C.",USA
"Bakersfield, CA",USA
"Livermore, CA",USA
"Encinitas, CA",USA
"San Luis Obispo, CA",USA
"Roseville, CA",USA
"Medford, OR",USA
"Las Vegas, NV",USA
"San Diego, CA",USA
"Campbell, CA",USA
"Whitewater, WI",USA
"Oakland, CA",USA
"Redwood City, CA",USA
"Sacramento, CA",USA
"Auburn, CA",USA
"Menifee, CA",USA
"Lafayette, CA",USA
"Kahalu'u, HI",USA
"San Clemente, CA",USA
"LaGrange, Ind.",USA
"Clover, S.C.",USA
"Evans, GA.",USA
"Asheville, N.C.",USA
"Fayetteville, N.C.",USA
"Scott Depot, W.Va.",USA
"Easley, S.C.",USA
"Mount Pleasant, S.C.",USA
"Supply, N.C.",USA
"Golden Valley, Minn.",USA
"DeForest, Wis.",USA
"Wilmington, N.C.",USA
"Plymouth, Mich.",USA
"Mt. Pleasant, S.C.",USA
"Cranbury, N.J.",USA
"Burnt Hills, N.Y.",USA
"McLean, Va.",USA
"Hedgesville, W.Va.",USA
"Pauline, S.C.",USA
"Florence, S.C.",USA
"Ho-Ho-Kus, N.J.",USA
"Oregon, Ill.",USA
"Delmont, Penn.",USA
"Statesville, N.C.",USA
"Albuquerque, N.M.",USA
"Carson City, Nev.",USA
"Wilkesboro, N.C.",USA
"Hartland, Wis.",USA
"Goldsboro, N.C.",USA
"Lancaster, N.Y.",USA
"Coeur d'Alene, Idaho",USA
"Troy, ID",USA
"Aitkin, Minn.",USA
"St. Paul, Minn.",USA
"Matthews, N.C.",USA
"Greensboro, N.C.",USA
"Mantorville, Minn.",USA
"Winterville, N.C.",USA
"College Station, TX",USA
"Ridgewood, N.J.",USA
"Helotes, TX",USA
"West Orange, N.J.",USA
"Huntington, N.Y.",USA
"Ithaca, N.Y.",USA
"Buffalo, N.Y.",USA
"Rochester, N.Y.",USA
"Cold Spring, KY.",USA
"Lexington, S.C.",USA
"Monroe, N.C.",USA
"Westfield, N.J.",USA
"Goshen, N.Y.",USA
"Linden, N.J.",USA
"South Glenn Falls, N.Y.",USA
"Fairburn, GA",USA
"Woodbridge, VA",USA
"Bloomfield, NJ",USA
"Noblesville, IN",USA
"Bohemia, NY",USA
"McKinney, TX",USA
"Chicago, IL",USA
"South Fulton, GA",USA
"Missouri City, TX",USA
"Plainfield, IL",USA
"Los Angeles, CA",USA
"Hoover, AL",USA
"Fishers, IN",USA
"The Woodlands, TX",USA
"Oklahoma City, OK",USA
"Rockland, N.Y.",USA
"Laurel, MD",USA
"Bridgeville, PA",USA
"Hempstead, NY",USA
"Baton Rouge, LA",USA
"Sandy, UT",USA
"Grand Rapids, MI",USA
"Birmingham, AL",USA
"Baltimore, MD",USA
"Frisco, TX",USA
"New Orleans, LA",USA
"Baytown, TX",USA
"Fontana, CA",USA
"Fresno, CA",USA
"Fort Worth, TX",USA
"Hopkins, Minn.",USA
"Morristown, N.J.",USA
"Mt. Vernon, Ind.",USA
"Carolina, P.R.",USA
"Yonkers, N.Y.",USA
"Princeton Junction, N.J.",USA
"Bayamón, P.R.",USA
"San Juan, P.R.",USA
"McPherson, Kan.",USA
"Caguas, P.R.",USA
"Ponce, P.R.",USA
"Shakopee, Minn.",USA
"Pewaukee, WI",USA
"Bear, DE",USA
"Peachtree City, GA",USA
"Erie, CO",USA
"Marietta, GA",USA
"Flemington, NJ",USA
"Massapequa, NY",USA
"Ypsilanti, MI",USA
"Smithtown, NY",USA
"Aliso Viejo, CA",USA
"North Wales, PA",USA
"New York, NY",USA
"Carson City, Nevada",USA
"Brighton, MI.",USA
"Tomball, TX.",USA
"Middleton, ID.",USA
"San Antonio, TX.",USA
"Layton, UT.",USA
"Long Beach, CA.",USA
"Tempe, AZ.",USA
"Sugar Land, TX.",USA
"Missouri City, TX.",USA
"North Kingstown, RI",USA
"Fultonville, N.Y.",USA
"Hudson, N.H.",USA
"Lynnfield, MA",USA
"Andover, MA",USA
"Mount Vernon, Ind.",USA
"Ham Lake, Minn.",USA
"Blue Ash, Ohio",USA
"Lake Odessa, MIch.",USA
"Joliet, MT",USA
"Great Falls, MT",USA
"Diller, NE",USA
"Belleview, FL",USA
"Helena, MT",USA
"Parker, CO",USA
"Idaho Falls, ID",USA
"Ennis, MT",USA
"Bozeman, MT",USA
"Omaha, NE",USA
"Carson City, NV",USA
"Truckee, CA",USA
"Sylvania, OH",USA
"Woodbury, MN",USA
"Coeur d'Alene, ID",USA
"Denton, TX",USA
"Kuna, ID",USA
"Gillette, WY",USA
"San Leandro, CA",USA
"Elizabethtown, KY",USA
"Auberry, CA",USA
"Manhattan Beach, CA",USA
"Crestview Hills, KY",USA
"Bridgeport, WV",USA
"Stokesdale, N.C.",USA
"Pennington, N.J.",USA
"Carolina Beach, N.C.",USA
"Durham, N.C.",USA
"Pinehurst, N.C.",USA
"Maplewood, Minn.",USA
"Verona, Wis.",USA
"Olean, NY",USA
"Chardon, OH",USA
"Lexington, KY",USA
"Scarsdale, NY",USA
"Dublin, OH",USA
"Northbrook, IL",USA
"Goodyear, AZ",USA
"Syracuse, N.Y.",USA
"Canonsburg, PA",USA
"Mine Hill, N.J.",USA
"Northville, MI",USA
"Grove City, OH",USA
"New Baltimore, MI",USA
"Spring Branch, TX",USA
"Breinigsville, PA",USA
"Bolivar, OH",USA
"Canton, GA",USA
"Belleville, IL",USA
"Alexandria, VA",USA
"Newtown, PA",USA
"Madison, WI",USA
"Toms River, NJ",USA
"Colonia, NJ",USA
"Waupaca, WI",USA
"Wildomar, CA",USA
"Union, NJ",USA
"Fort Wayne, IN",USA
"Topsail Beach, N.C.",USA
"Santa Teresa, N.M.",USA
"Verona, N.Y.",USA
"West Hempstead, N.Y.",USA
"Arecibo, P.R.",USA
"Tirana, Albania",USA
"LaGrangeville, N.Y.",USA
"Montvale, N.J.",USA
"Little Neck, N.Y.",USA
"Morehead, KY.",USA
"Morgantown, W.V.",USA
"Grandy, N.C.",USA
"Moline, Ill.",USA
"Prairie du Sac, Wis.",USA
"Rosemount, Minn.",USA
"Tower, Minn.",USA
"Saline, Mich.",USA
"Rockleigh, N.J.",USA
"New Hope, MN",USA
"Mokena, IL",USA
"Weatherford, TX",USA
"Akron, OH",USA
"River Falls, WI",USA
"Hortonville, WI",USA
"Fairfax, VA",USA
"Hilton Head Island, SC",USA
"San Juan, PR",USA
"Purcellville, VA",USA
"Naperville, IL",USA
"Fort Lauderdale, FL",USA
"Grantville, PA",USA
"McDonough, Ga.",USA
"Penfield, N.Y.",USA
"Verona, N.J.",USA
"Stewartsville, NJ",USA
"Santa Fe, N.M.",USA
"Maple Lake, Minn.",USA
"Miami, FL",USA
"Kingsport, TN",USA
"West Chicago, IL",USA
"Fogelsville, PA",USA
"Rostraver Township, Pa.",USA
"Northern Cambria, Pa.",USA
"McClellandtown, Pa.",USA
"Stewartville, Minn.",USA
"Belle Harbor, N.Y.",USA
"Point Loma, CA",USA
"Pensacola, FL",USA
"Genoa, IL",USA
"Orlando, FL",USA
"Kaneohe, HI",USA
"Scarsdale, N.Y.",USA
"Oakdale, N.Y.",USA
"Ronkonkoma, N.Y.",USA
"Brookline, N.H.",USA
"Brooklyn, N.Y.",USA
"Summit, N.J.",USA
"Livonia, MI",USA
"Memphis, TN",USA
"Aledo, TX",USA
"Loomis, CA",USA
"Ramona, CA",USA
"Kailua, HI",USA
"La Cresenta, Calif.",USA
"Arecibom, Puerto Rico",USA
"Oakdale, Minn.",USA
"Hickory, N.C.",USA
"St. Michael, Minn.",USA
"Fontana, Calif.",USA
"Bondurant, IA",USA
"McAllen, TX",USA
"Metamora, IL",USA
"League City, TX",USA
"New Braunfels,TX",USA
"Inwood, W.Va.",USA
"Rogers, Minn.",USA
"Hillsborough, N.C.",USA
"Emerald Isle, N.C.",USA
"Piedmont, S.C.",USA
"Hixon, Tenn.",USA
"Ozark, MO.",USA
"Henderson, N.C.",USA
"Cold Spring, N.Y.",USA
"Hollis, N.H.",USA
"Las Vegas, N.M.",USA
"Katy, TX",USA
"Spring, TX",USA
"Brownsville, TX",USA
"DeSoto, TX",USA
"Harlingen, TX",USA
"Roswell, N.M.",USA
"Griffin, GA",USA
"Inman, SC",USA
"Ulysses, KS",USA
"Coronado, CA",USA
"New London, OH",USA
"Waxhaw, NC",USA
"Knoxville, TN",USA
"Cumming, GA",USA
"Lighthouse Point, FL",USA
"Norcross, GA",USA
"Blythewood, SC",USA
"Lakeland, TN",USA
"Upper Marlboro, MD",USA
"South Elgin, IL",USA
"Tabor City, NC",USA
"Benson, NC",USA
"St. Albans, MO",USA
"Lemont, Ill.",USA
"Gwinnett, Ga.",USA
"Rock Hill, SC",USA
"Anderson, SC",USA
"Chapel Hill, NC",USA
"Pittstown, NJ",USA
"Greer, S.C.",USA
"Aiken, S.C.",USA
"Washington, Okla.",USA
"Riverside, CA",USA
"Pacific Palisades, CA",USA
"Simi Valley, CA",USA
"Valencia, CA",USA
"Oak Hills, CA",USA
"West Hills, CA",USA
"Winchester, CA",USA
"Oceanside, CA",USA
"Rohnert Park, CA",USA
"Cleveland, OH",USA
"Oakdale, CA",USA
"Dayton, OH",USA
"Columbus, OH",USA
"Manassas, VA",USA
"Labelle, FL",USA
"Frederick, MD",USA
"Syracuse, UT",USA
"Hoyt, KS",USA
"Charleston, WV",USA
"Somerset, PA",USA
"Escondido, CA",USA
"Apple Valley, CA",USA
"Cincinatti, OH",USA
"Shaker Heights, OH",USA
"Sebring, FL",USA
"Highland, UT",USA
"West Palm Beach, FL",USA
"Plain City, OH",USA
"Burlington, KY",USA
"Fort Gay, W.Va.",USA
"New Martinsville, W.Va.",USA
"Shady Spring, W.Va.",USA
"Cool Ridge, W.Va.",USA
"Charmco, W.Va.",USA
"Lindside, W.Va.",USA
"Big Chimney, W.Va.",USA
"Bluefield, W.Va.",USA
"Orangeburg, S.C.",USA
"Lewisburg, W.Va.",USA
"Ocean, N.C.",USA
"Boiling Springs, S.C.",USA
"Atlanta, IL",USA
"Wildwood, MO",USA
"Bentonville, AR",USA
"Broken Arrow, OK",USA
"Rogersville, MO",USA
"Waynesville, MO",USA
"Kansas City, MO",USA
"Joplin, MO",USA
"Ozark, MO",USA
"Springfield, MO",USA
"Jefferson City, MO",USA
"Marion, IA",USA
"Wheeling, W.Va.",USA
"Madisonville, TX",USA
"Schertz, TX",USA
"Belton, TX",USA
"Fulshear, TX",USA
"Rosenberg, TX",USA
"Cypress, TX",USA
"Wichita Falls, TX",USA
"Burleson, TX",USA
"Troy, TX",USA
"Crawford, TX",USA
"Wylie, TX",USA
"Celina,TX",USA
"Arlington,TX",USA
"Haslet, TX",USA
"Lewisville, N.C.",USA
"Topeka, KS",USA
"Emporia, KS",USA
"Laredo, TX",USA
"Hays, KS",USA
"Atchison, KS",USA
"Lebo, KS",USA
"New Strawn, KS",USA
"Pflugerville, TX",USA
"Council Grove, KS",USA
"Stillwater, OK",USA
"Herington, KS",USA
"Harmony, NC",USA
"Charleston, SC",USA
"Glencoe, AL",USA
"Spotsylvania, VA",USA
"Summerville, SC",USA
"Davie County, NC",USA
"Belton, SC",USA
"Pendleton, SC",USA
"Pauline, SC",USA
"Indian Land, SC",USA
"Lugoff, SC",USA
"Carolina Forest, SC",USA
"Tomball, TX",USA
"Greenville, SC",USA
"Fort Mill, SC",USA
"Bridgeport, W.Va.",USA
"Rio Rancho, N.M.",USA
"Farmington, N.M.",USA
"Aztec, N.M.",USA
"Winterville, NC",USA
"Smithfield, UT",USA
"Campbellsville, KY",USA
"Pickens, SC",USA
"Quincy, FL",USA
"Myrtle Beach, SC",USA
"Albertville, MN",USA
"Plano, TX",USA
"Tega Cay, SC",USA
"Fayetteville, NC",USA
"Easley, SC",USA
"Sharpsburg, GA",USA
"Mount Holly, NC",USA
"Victoria, MN",USA
"Waxhaw, N.C.",USA
"North Huntington, Pa.",USA
"Bolivar, N.Y.",USA
"Bloomery, W.Va.",USA
"Cortlandt Manor, N.Y.",USA
"Monroe, NY",USA
"Missoula, Mont.",USA
"Butler, PA",USA
"Greensburg, PA",USA
"Pottstown, PA",USA
"Evansville, IN",USA
"Silver Spring, MD",USA
"Massillon, OH",USA
"Pittsburgh, PA",USA
"Forest Hills, PA",USA
"Webster,NY",USA
"Saint Marys, OH",USA
"Creighton, PA",USA
"Youngstown, OH",USA
"Clarence, NY",USA
"Green, OH",USA
"Skippack, PA",USA
"Seattle, WA",USA
"Glenville, W.Va.",USA
"Philippi, W.Va.",USA
"Saint Mary's, W.Va.",USA
"Walnut Cove, N.C.",USA
"Deep Gap, N.C.",USA
"Sophia, N.C.",USA
"York, S.C.",USA
"Little Rock, AR",USA
"Cabot, AR",USA
"Collierville, TN",USA
"Alexander, AR",USA
"Grand Prairie, TX",USA
"Farmington, AR",USA
"Greenwood, AR",USA
"Jonesboro, AR",USA
"Sewell, N.J.",USA
"Mullica Hill, N.J.",USA
"Queens, N.Y.",USA
"Moore, S.C.",USA
"Temecula, CA",USA
"Rancho Cucamonga, CA",USA
"Salinas, CA",USA
"Cerritos, CA",USA
"San Francisco, CA",USA
"Glendale, CA",USA
"Carlsbad, CA",USA
"Poway, CA",USA
"San Fernando, CA",USA
"San Mateo, CA",USA
"Mukilteo, WA",USA
"Alameda, CA",USA
"Weare, N.H.",USA
"Somersworth, N.H.",USA
"Rochester, N.H.",USA
"Strafford, N.H.",USA
"Westerly, R.I.",USA
"Raymond, N.H.",USA
"Alton, N.H.",USA
"Sherwood, OR",USA
"Olathe, KS",USA
"Lubbock, TX",USA
"Overland Park, KS",USA
"Murphy, TX",USA
"Castle Pines, CO",USA
"Cedar Springs, MI",USA
"Hudsonville, MI",USA
"Watertown, SD",USA
"Argyle, TX",USA
"Tucson, AZ",USA
"Mulhall, OK",USA
"Jamestown, N.C.",USA
"Woodleaf, N.C.",USA
"North Platte, NE",USA
"Stilwell, KS",USA
"Lexington, NE",USA
"Lindsborg, KS",USA
"Limon, CO",USA
"Minden, NE",USA
"David City, NE",USA
"Dannebrog, NE",USA
"Alliance, NE",USA
"Eureka, MO",USA
"Henderson, NE",USA
"Fairbury, NE",USA
"Kearney, NE",USA
"Fulton, NY",USA
"Horseheads, NY",USA
"Hopewell, PA",USA
"Canandaigua, NY",USA
"Irondequoit, NY",USA
"Buffalo, NY",USA
"Fort Plain, NY",USA
"Rome, NY",USA
"Grant, MI",USA
"Livonia, NY",USA
"Newark, NY",USA
"Victor, NY",USA
"Windsor, NY",USA
"Seneca Falls, NY",USA
"Morrisville, NY",USA
"Honeoye Falls, NY",USA
"Avon, NY",USA
"Milaca, Minn.",USA
"Prior Lake, Minn.",USA
"Lincolnton, N.C.",USA
"East Bend, N.C.",USA
"Bryson City, N.C.",USA
"Mount Holly, N.C.",USA
"Dobson, N.C.",USA
"Davie County, N.C.",USA
"Conway, S.C.",USA
"Advance, N.C.",USA
"Bloomington, Minn.",USA
"Sewickley, PA",USA
"Anchorage, AK",USA
"Gibsonia, PA",USA
"Hummelstown, PA",USA
"Bel Air, MD",USA
"North Huntingdon, PA",USA
"Derry, PA",USA
"New Castle, PA",USA
"West Mifflin, PA",USA
"Cranberry Township, PA",USA
"Graham, N.C.",USA
"Otsego, Minn.",USA
"Midland, TX",USA
"New Braunfels, TX",USA
"Beaumont, TX",USA
"Shiner, TX",USA
"Bryan, TX",USA
"Longview, TX",USA
"Marshall, TX",USA
"Dayton, TX",USA
"Lake Kiowa, TX",USA
"White Plains, MD",USA
"King of Prussia, PA",USA
"Wilmington, DE",USA
"Egg Harbor City, NJ",USA
"Abington, PA",USA
"Maple Shade, NJ",USA
"Sewell, NJ",USA
"Pottsville, PA",USA
"Ridley Park, PA",USA
"Bethlehem, PA",USA
"Macungie,PA",USA
"East Norriton, PA",USA
"Swedesboro, NJ",USA
"Royersford, PA",USA
"Cherry Hill, NJ",USA
"LaFayette, Georgia",USA
"Manhasset, N.Y.",USA
"Merrimack, N.H.",USA
"West Fargo, N.D.",USA
"Bismarck, N.D.",USA
"Fargo, N.D.",USA
"Chisholm, Minn.",USA
"Horace, N.D.",USA
"Isanti, Minn.",USA
"Mounds View, Minn.",USA
"Pequot Lakes, Minn.",USA
"Granite Falls, Minn.",USA
"Troutman, N.C.",USA
"Clayton, N.C.",USA
"Whispering Pines, N.C.",USA
"Laurinburg, N.C.",USA
"Myrtle Beach, S.C.",USA
"Thomasville, N.C.",USA
"Greenville, N.C.",USA
"Rougemont, N.C.",USA
"Roxboro, N.C.",USA
"Fuquay, N.C.",USA
"Sanford, N.C.",USA
"Wake Forest, N.C.",USA
"Norco, CA.",USA
"Jackson, N.J.",USA
"Paterson, N.J.",USA
"Hi Nella, N.J.",USA
"Hackettstown, N.J.",USA
"Flemington, N.J.",USA
"Southampton, UK",USA
"Tea, S.D.",USA
"Marlton, N.J.",USA
"Platte City, MO",USA
"Batesburg-Leesville, S.C.",USA
"Jacksonville, FL",USA
Chesapeake VA,USA
"Summerville, S.C.",USA
"Sumter, S.C.",USA
"Belle Isle, FL",USA
"Mt. Pleasant, MI",USA
"Oreana, IL",USA
"Champlin, Minn.",USA
"Madison, S.D.",USA
"Rapid City, S.D.",USA
"Victoria, Minn.",USA
"Pierre, S.D.",USA
"Delano, Minn.",USA
"Harrisburg, S.D.",USA
"Brandon, S.D.",USA
"Wisconsin Rapids, WI",USA
"Harrison, NE",USA
"Backus, MN",USA
"La Valle, WI",USA
"Keewatin, MN",USA
"Dassel, MN",USA
"Mellen, WI",USA
"Gaylord, MI",USA
"Ashland, WI",USA
"Walbridge, OH.",USA
"Westerville, OH.",USA
"Powell, OH.",USA
"Greenwood, IN.",USA
"Dennison, OH.",USA
"Akron, OH.",USA
"Senecaville, OH.",USA
"Overland Park, KS.",USA
"New Knoxville, OH.",USA
"Lewisburg, W. Va.",USA
"Cincinnati, OH.",USA
"Washington, PA.",USA
"Perrysburg, OH.",USA
"Archbold, OH.",USA
"Oregon, OH.",USA
"New Martinsville, WV.",USA
"Malone, Wisc.",USA
"Seaford, DE",USA
"Falling Waters, WV",USA
"Smithsburg, MD",USA
"Lisbon, ME",USA
"East Earl, PA",USA
"Southampton, PA",USA
"Sturgis, SD",USA
"Westminster, MD",USA
"Bethesda, MD",USA
"Tempe, AZ",USA
"Kingsley, PA",USA
"Bensalem, PA",USA
"Jamesville, NY",USA
"Channahon, IL",USA
"Round Lake, IL",USA
"North Aurora, IL",USA
"Glendale Heights, IL",USA
"Park Forest, IL",USA
"Tinley Park, IL",USA
"Sterling, IL",USA
"Batavia, IL",USA
"Greencastle, IN",USA
"Elgin, IL",USA
"Ottawa, IL",USA
"Wood Dale, IL",USA
"Chillicothe, IL",USA
"Oak Lawn, IL",USA
"Country Club Hills, IL",USA
"New Lenox, IL",USA
"Albuquerque, N.M",USA
"Wallkill, N.Y.",USA
"DeSoto, Kan.",USA
"Cooper, Mo.",USA
"Willow Springs, N.C.",USA
"West Columbia, S.C.",USA
"Lowgap, N.C.",USA
"Clermont, Fla.",USA
"Tacoma, WA",USA
"Carson, CA",USA
"Yakima, WA",USA
"Aiea, HI",USA
"Placentia, CA",USA
"Renton, WA",USA
"Camas, WA",USA
"Henderson, NV",USA
"Tigard, OR",USA
"Fairview, OR",USA
"West Potomac, Va.",USA
"Leander, TX",USA
"Scottsdale, AZ",USA
"Celina, TX",USA
"Kelseyville, CA",USA
"Godley, TX",USA
"Tampa, FL",USA
"Bellville, TX",USA
"Rockwall, TX",USA
"Waipahu, HI",USA
"Lake Mary, FL",USA
"Chesapeake, VA",USA
"Aubrey, TX",USA
"Homer, NY",USA
"Rockledge, FL",USA
"Ashburn, VA",USA
"Pine City, NY",USA
"Leesburg, VA",USA
"East Greenbush, NY",USA
"Poughkeepsie, NY",USA
"Constableville, NY",USA
"Tonawanda Seneca Nation Territory, NY",USA
"Roanoke, VA",USA
"Baldwinsville, NY",USA
"Hilton, NY",USA
"Cicero, NY",USA
"Mahopac, NY",USA
"Penfield, NY",USA
"Huron, S.D.",USA
"Dakota Dunes, S.D.",USA
"Ridgeley, W. Va.",USA
"McDonald, Pa.",USA
"Daybrook, W. Va.",USA
"St. Albans, W.Va.",USA
"Clendenin, W.Va.",USA
"Huntington, W.Va.",USA
"Kenova, W.Va.",USA
"Wingate, N.C.",USA
"Belington, W.Va.",USA
"Argonia, KS",USA
"Louisburg, KS",USA
"El Paso, TX",USA
"Animas, NM",USA
"Liberal, KS",USA
"Sweet Home, OR",USA
"Hillsboro, OR",USA
"Bend, OR",USA
"Santa Ana, CA",USA
"Keaau, HI",USA
"Santa Rosa, CA",USA
"Lynnwood, WA",USA
"Oregon City, OR",USA
"Enumclaw, WA",USA
"Beaverton, OR",USA
"Albany, OR",USA
"Custer, WA",USA
"Maple Valley, WA",USA
"Ridgefield, WA",USA
"Lake Stevens, WA",USA
"Lynden, WA",USA
"Bellingham, WA",USA
"Ferndale, WA",USA
"Federal Way, WA",USA
"Kent, WA",USA
"Vancouver, WA",USA
"Olympia, WA",USA
"Spokane, WA",USA
"Snohomish, WA",USA
"Bothell, WA",USA
"Issaquah, WA",USA
"Bellevue, WA",USA
"Puyallup, WA",USA
"Queensbury, N.Y.",USA
"Fort Edward, N.Y.",USA
"South Glens Falls, N.Y.",USA
"Schenectady, N.Y.",USA
"Epping, N.H.",USA
"Rochester, NY",USA
"Franklin, TN",USA
"Endwell, NY",USA
"Hammondsport, NY",USA
"Herndon, VA",USA
"Westchester, PA",USA
"Fairport, NY",USA
"Minooka, IL",USA
"Cambridge, MN",USA
"Tipp City, OH",USA
"Huntsville, AL",USA
"Syracuse, NY",USA
"Grand Island, NY",USA
"Clemmons, N.C.",USA
"Roanoake, Va.",USA
"Plymouth, Ind.",USA
"Bridgewater, N.J.",USA
"Goodland, Minn.",USA
"Gastonia, N.C.",USA
"Miami Beach, FL",USA
"Lake Forest, IL",USA
"Los Altos, CA",USA
"Skokie, IL",USA
"Hermosa Beach, CA",USA
"Aurora, CO",USA
"Piedmont, CA",USA
"Missoula, MT",USA
"El Granada, CA",USA
"San Jose, CA",USA
"Chatsworth, CA",USA
"Denver, CO",USA
"Worcester, MA",USA
"Portsmouth, NH",USA
"Green Oaks, IL",USA
"San Rafael, CA",USA
"Golden, CO",USA
"Redondo Beach, CA",USA
"Seal Beach, CA",USA
"Binghamton, N.Y.",USA
"Norristown, PA",USA
"Ridley, PA",USA
"Harleysville, PA",USA
"Wenatchee, WA",USA
"Feasterville, PA",USA
"Aldan, PA",USA
"Pearl City, HI",USA
"Glen Burnie, MD",USA
"Reading, PA",USA
"Coopersburg, PA",USA
"Waukesha, WI.",USA
"Rahway, N.J.",USA
"Moorestown, N.J.",USA
"Preston, Minn.",USA
"Shickshinny, PA",USA
"Morton, PA",USA
"Bushkill, PA",USA
"Boothwyn, PA",USA
"Orchard Park, NY",USA
"Winchester, VA",USA
"Califon, NJ",USA
"Coeymans Hollow, NY",USA
"King's Park, NY",USA
"West Chester, PA",USA
"Fayetteville, PA",USA
"Lynbrook,NY",USA
"East Setauket, NY",USA
"Litiz, PA",USA
"Farmingdale, NY",USA
"Williston Park, NY",USA
"Exeter, N.H.",USA
"Meredith, N.H.",USA
"Wilmington, NC",USA
"Seven Lakes, NC",USA
"Gatesville, NC",USA
"Roanoke Rapids, NC",USA
"Apex, NC",USA
"Climax, NC",USA
"Creedmoor, NC",USA
"Wake Forest, NC",USA
"Oxford, NC",USA
"West Friendship, MD",USA
"Cary, NC",USA
"Rockingham, NC",USA
"Dry Fork, VA",USA
"Jacksonville, NC",USA
"Beulaville, NC",USA
"Lindenhurst, IL",USA
"Albermarle, NC",USA
"Outer Banks, NC",USA
"Nashville, NC",USA
"Johnston County, NC",USA
"Cape Coral, FL",USA
"St. Marys, W. Va.",USA
"Elverson, PA",USA
"Quakertown, PA",USA
"Glen Rock, PA",USA
"Brick, NJ",USA
"Myerstown, PA",USA
"Bethel, CT",USA
"Hilo, HI",USA
"Nunda, NY",USA
"Bogart, GA",USA
"Ithaca, NY",USA
"Chambersburg, PA",USA
"Fayetteville, NY",USA
"Kenyon, MN",USA
"Adelanto, CA",USA
"Corona, CA",USA
"Chesapeake, OH",USA
"Geneseo, NY",USA
"Covington, WA",USA
"Santa Fe, NM",USA
"Erie, PA",USA
"Surprise, AZ",USA
"Concord, N.C.",USA
"Pittsford, N.Y.",USA
"Willemstad, Curaçao",USA
"Morrisonville, NY",USA
"Mooresville, NC",USA
"Harrisville, WV",USA
"Fairibault, Minn.",USA
"North Myrtle Beach, S.C.",USA
"Jarvisburg, N.C.",USA
"Mechanicsville, VA",USA
"Long Island, NY",USA
"Mechanicsburg, PA",USA
"Easton, PA",USA
"Waverly, NY",USA
"Warminster, PA",USA
"Wayne, PA",USA
"Conroe, TX",USA
"Lumberton, NJ",USA
"West Caldwell, NJ",USA
Moodus,USA
"Thornwood, NY",USA
"Easthampton, MA",USA
"Warwick, RI",USA
"Bowie, MD",USA
"Windham, NH",USA
"Trevor, WI",USA
"West Point, NY",USA
"Montebello, NY",USA
"Centereach, NY",USA
"Billings, MT",USA
"Richland, WA",USA
"Farmington, MN",USA
"Castle Rock, CO",USA
"Claremont, CA",USA
"Harbor City, CA",USA
"Pocatello, ID",USA
"Portales, N.M.",USA
"Lovington, N.M.",USA
"Tucumcari, N.M.",USA
"Cilo, Mich.",USA
"LaPorte, Texas",USA
"Sinclaireville, N.Y.",USA
"Canandaigua, N.Y.",USA
"Troy, N.Y.",USA
Endicott N.Y.,USA
"Candor, NY",USA
"Farmingdale, N.Y.",USA
"Swampscott, MA",USA
"Sandy Creek, N.Y.",USA
"Pine City, N.Y.",USA
"Endicott, N.Y.",USA
"Johnson City, N.Y.",USA
"Red Hook, NY",USA
"Slate Hill, N.Y.",USA
"Bainbridge, N.Y.",USA
"Lancaster, S.C.",USA
"Hermtiage, Tenn.",USA
"Sparta, N.C.",USA
"South Brunswick, NJ",USA
"Piscataway, NJ",USA
"Hackensack, NJ",USA
"Randolph, NJ",USA
"Lyndhurst, NJ",USA
"Cherry Hill, N.J.",USA
"Mountainside, NJ",USA
"Staten Island, NY",USA
"Wayne, NJ",USA
"New Milford, NJ",USA
"Cedar Park, TX",USA
"Monroe Township, NJ",USA
"Mahwah, NJ",USA
"Middlesex, Va.",USA
"Cherokee, N.C.",USA
"Scotch Plains, N.J.",USA
"Pendleton, N.Y.",USA
"Fairport, N.Y.",USA
"Chanhassen, Minn.",USA
"Savannah, Texas",USA
"Arden, N.C.",USA
"Gurabo, PR",USA
"Troy, IL",USA
"Mayville, NY",USA
"North Collins, NY",USA
"Springfield, VA",USA
"Jamestown, N.Y.",USA
"Hamburg, N.Y.",USA
"Eden, N.Y.",USA
"Huntington Station, N.Y.",USA
"North Tonawanda, N.Y.",USA
"Clarence Center, N.Y.",USA
"Springville, N.Y.",USA
"Lake View, N.Y.",USA
"Asheville, N.Y.",USA
"Fountain, CO",USA
"Chesapeake Beach, MD",USA
"Odenton, MD",USA
"Bolingbrook, IL",USA
"Marysville, MI",USA
"Natick, MA",USA
"Cumberland, MD",USA
"Emmaus, PA",USA
"Clarksburg, MD",USA
"Keyser, W.Va.",USA
"Pickerington, OH",USA
"Moon Township, PA",USA
"Nashua, NH",USA
"Lake Orion, MI",USA
"Austin, TX.",USA
"Longmont, CO.",USA
"New Berlin, WI.",USA
"Northville, MI.",USA
"Demarest, N.J.",USA
"Chester, N.J.",USA
"Marlboro, N.J.",USA
"Center Valley, PA",USA
"Garnet Valley, PA",USA
"Clinton, NJ",USA
"Washington, MI",USA
"Kennett Square, PA",USA
"Metuchen, NJ",USA
"Drexel Hill, PA",USA
"West Grove, PA",USA
"Skillman, NJ",USA
"Media, PA",USA
"Columbus, NJ",USA
"Arlington, TX",USA
"Grapevine, TX",USA
"Cedar Hill, TX",USA
"Pearland, TX",USA
"Killeen, TX",USA
"Raleigh, NC",USA
"Oconomowoc, WI",USA
"Centerburg, OH",USA
"Grand Meadow, Minn.",USA
"Blooming Prairie, Minn.",USA
"Mayer, Minn.",USA
"Byron, Minn.",USA
"Saint Peter, Minn.",USA
"Steele, N.D.",USA
"Richfield, Minn.",USA
"Vadnais Heights, Minn.",USA
"Camp Hill, PA",USA
"Lisbon, OH",USA
"Keyser, WV",USA
"Mount Joy, PA",USA
"Lancaster, PA",USA
"Brecksville, OH",USA
"Colorado Springs, CO",USA
"Greencastle, PA",USA
"Bidwell, OH",USA
"Galena, OH",USA
"Fort Leonard Wood, MO",USA
"Altoona, PA",USA
"Fayette City, PA",USA
"Monaca, PA",USA
"Millersburg, OH",USA
"Wanamingo, Minn.",USA
"North St. Paul, Minn.",USA
"St. Louis Park, Minn.",USA
"New Ulm, Minn.",USA
"Sioux Falls, SD.",USA
"Fairbault, Minn.",USA
"Westphalia, MI",USA
"Mount Pleasant, N.C.",USA
"West Creek, N.J.",USA
"Lexington, N.C.",USA
"Etowah, N.C.",USA
"Flora, Ind.",USA
Team IMPACT Honorary Member,USA
"Acworth, GA",USA
"Boca Raton, FL",USA
"Winder, GA",USA
"Woodstock, GA",USA
"Shalimar, FL",USA
"Hoschton, GA",USA
"Alpharetta, GA",USA
"Athens, GA",USA
"Stockbridge, GA",USA
"Stuart, FL",USA
"Gastonia, NC",USA
"Kennesaw, GA",USA
"Perry, FL",USA
"Manorville, NY",USA
"Hudson Falls, N.Y.",USA
"Rockaway Beach, N.Y.",USA
"Hogansburg, N.Y.",USA
"Kapolei, HI",USA
"Candor, N.Y.",USA
"Newburgh, N.Y.",USA
"Oneonta, N.Y.",USA
"Owego, N.Y.",USA
"Hopewell Junction, N.Y.",USA
"Brewster, N.Y.",USA
"El Dorado Hills, CA",USA
"Salem, OR",USA
"Baker City, OR",USA
"Tracy, CA",USA
"Frazier Park, CA",USA
"Salt Lake City, UT",USA
"Pikeville, NC.",USA
"Albuquerque, NM",USA
"Hazelton, ID",USA
"Folsom, CA",USA
"Valley Center, KS",USA
"Mountain Grove, MO",USA
"Willard, MO",USA
"Springdale, AR",USA
"Edmond, OK",USA
"Buckeye, AZ",USA
"Clearwater, KS",USA
"Liberty, MO",USA
"Ash Grove, MO",USA
"Tulsa, OK",USA
"Antioch, IL",USA
"Wadena, Minn.",USA
"Nevis, Minn.",USA
"Fosston, Minn.",USA
"Zumbrota, Minn.",USA
"Brandon, Minn.",USA
"Gonvick, Minn.",USA
"Henrico, Va.",USA
"Webster, N.Y.",USA
"Pittsboro, N.C.",USA
"Pilot Mountain, N.C.",USA
"Austintown, Ohio",USA
"Sunnyside, NY",USA
"Woodhaven, NY",USA
"Cortland Manor, NY",USA
"Forest Hills, NY",USA
"Santa Cruz,CA",USA
"Bronx, NY",USA
"Elmhurst, NY",USA
"Middletown, NY",USA
"Grand Haven, MI",USA
"Monroe, NJ",USA
"New Hyde Park, NY",USA
"Fairfield, CT",USA
"Rexburg, ID",USA
"Fountain Valley, CA",USA
"Janesville, IA",USA
"Highland Ranch, CO",USA
"Tooele, UT",USA
"Layton, UT",USA
"Lancaster, CA",USA
"Ste. Genevieve, Mo.",USA
"Old Bethpage, N.Y.",USA
"Berkeley Heights, N.J.",USA
"McCordsville, Ind.",USA
"Rock Hill, S.C.",USA
"Shawnee, Kansas",USA
"Oshkosh, WI",USA
"Little Falls, MN",USA
"Grand Meadow, MN",USA
"Staples, MN",USA
"Genoa City, WI",USA
"Shoreview, MN",USA
"Hinckley, MN",USA
"San Angelo, TX",USA
"Princeton, MN",USA
"Petersburg, AK",USA
"Columbia Falls, MT",USA
"Rexford, MT",USA
"Fort Akinson, WI",USA
"Bellwood, PA",USA
"Fontana, Wis.",USA
"Portage, PA",USA
"York, PA",USA
"Carrolltown, PA",USA
"Mankato, Minn.",USA
"Monticello, MN",USA
"Hartland, MN",USA
"Andover, MN",USA
"Austin, MN",USA
"Arco, MN",USA
"Virginia, Minn.",USA
"Stillwater, MN",USA
"Willmar, MN",USA
"St. Paul, MN",USA
"Chisholm, MN",USA
"Blaine, MN",USA
"Altoona, IA",USA
"Appleton, WI",USA
"Lakeville, MN",USA
"Argyle, MN",USA
"Spearfish, SD",USA
"Bloomington, MN",USA
"Wanamingo, MN",USA
"Rhome, TX",USA
"San Ramon, CA",USA
"Champlin, MN",USA
"West Salem, WI",USA
"Washington, N.J.",USA
"Lansing, KS",USA
"Derby, KS",USA
"Monument, CO",USA
"Ponder, TX",USA
"Whitewater, KS",USA
"Garnett, KS",USA
"Osawatomie, KS",USA
"Thorton, CO",USA
"Lawrence, KS",USA
"Shelocta, PA",USA
"Duluth, MN",USA
"East Liverpool, OH",USA
"Conneautville, PA",USA
"Carmichaels, PA",USA
"Weston, FL",USA
"Louisville, OH",USA
"Harmonsburg, PA",USA
"Coraopolis, PA",USA
"Norton, OH",USA
"South Setauket, NY",USA
"Nicktown, PA",USA
"Cochranton, PA",USA
"Vermilion, OH",USA
"Fargo, ND",USA
"Port Arthur, TX",USA
"Saint Johnsbury, VT",USA
"Norwalk, CA",USA
"Vergennes, VT",USA
"Levittown, NY",USA
"Middletown, DE",USA
"Winooski, VT",USA
"Morrisville, N.Y.",USA
"Vestal, N.Y.",USA
"Smyrna, N.Y.",USA
"Cortland, N.Y.",USA
"Canastota, N.Y.",USA
"Nisswa, Minn.",USA
"Monroe, N.Y.",USA
"Medina, N.Y.",USA
"LaMoille, Ill.",USA
"Tuxedo, NY",USA
"Langhorne, PA",USA
"Verona, NJ",USA
"Bristol, CT",USA
"Boonton, NJ",USA
"Jefferson, NJ",USA
"Rockaway, NJ",USA
"Roxbury, NJ",USA
"Clark, NJ",USA
"North Hampton, N.H.",USA
"Woodbury, MN.",USA
"Temple, TX.",USA
"Trinity, FL",USA
"Atlanta, GA.",USA
"Humble, TX",USA
"Fort Smith, AR",USA
"Lee's Summit, MO",USA
"Van Buren, AR",USA
"DeFuniak Springs, Fla.",USA
"Cedar Rapids, IA",USA
"Parkville, MO",USA
"Waterloo, IL",USA
"Hutchinson, KS",USA
"Chanhassen, MN",USA
"Urbandale, IA",USA
"Columbia, MO",USA
"Nevada, IA",USA
"Highland, IL",USA
"New Carlisle, OH",USA
"Sycamore, IL",USA
"Dover, DE",USA
"Liberty Township, OH",USA
"Canton, MI",USA
"Bridgman, MI",USA
"Minot, N.D.",USA
"Ada, Minn.",USA
"Bedford, MI",USA
"McLane, Pa.",USA
"Kitchener, Ont.",USA
"Paynesville, Minn.",USA
"Lakefield, Minn.",USA
"Racine, Wis.",USA
"Meadow, S.D.",USA
"Birch Run, MI",USA
"Euless, TX",USA
"Littleton, CO",USA
"Lucas, TX",USA
"Decatur, IL",USA
"St. Charles, MO",USA
"Terre Haute, IN",USA
"Bartelso, IL",USA
"Carbondale, IL",USA
"Oswego, IL",USA
"Saint Joseph, MO",USA
"Woodlawn, IL",USA
"Hobart, IN",USA
"Chino, CA",USA
"Eastlake, OH",USA
"Beachwood, OH",USA
"Pataskala, OH",USA
"Lima, OH",USA
"Novelty, OH",USA
"Ewa Beach, HI",USA
"Lancaster, OH",USA
"Parma, OH",USA
"Amherst, OH",USA
"Waco, N.C.",USA
"Beaufort, S.C.",USA
"Houghton, NY",USA
"Jamestown, NY",USA
"Bliss, NY",USA
"Shinglehouse, PA",USA
"Orville, OH",USA
"Youngstown, NY",USA
"Bergen, NY",USA
"Montgomery, N.J.",USA
"South Jordan, UT",USA
"St. Louis, MO",USA
"Winston-Salem, NC",USA
"North Chesterfield, VA",USA
"Gold Canton, AZ",USA
"Nephi, UT",USA
"Mesa, AZ",USA
"Brandon, FL",USA
"Avon, CT",USA
"Mission Viejo, CA",USA
"Eugene, OR",USA
"Brewster, NY",USA
"Lowville, NY",USA
"Sandy Creek, NY",USA
"Stillwater, NY",USA
"Bath, NY",USA
"Mansfield, TX",USA
"Plattsburgh, NY",USA
"Stow, OH",USA
"Watertown, NY",USA
"South Edmeston, NY",USA
"Adams, NY",USA
"Indian Trail, N.C.",USA
"Harrisonville, MO",USA
"Hunstville, Ala.",USA
"Elloree, S.C.",USA
"Southampton, N.J.",USA
"Casstown, OH",USA
"Bluffton, SC",USA
"Greer, SC",USA
"Tuscaloosa, AL",USA
"Naples, FL",USA
"Orange County, CA",USA
"Coconut Creek, FL",USA
"Seneca, SC",USA
"Crestwood, K.Y.",USA
"Spartanburg, SC",USA
"Williamston, SC",USA
"Mocksville, NC",USA
"Manhattan, IL",USA
"Travelers Rest, SC",USA
"Choctaw, OK",USA
"Waxahachie, TX",USA
"Midlothian, TX",USA
"Coppell, TX",USA
"Decatur, TX",USA
"Owasso, OK",USA
"Sand Springs, OK",USA
"Peaster, TX",USA
"McLoud, OK",USA
"Amarillo, TX",USA
"Holliday, TX",USA
"Yukon, OK",USA
"Forney, TX",USA
"Sunnyvale, TX",USA
"Kilgore, TX",USA
"Cedar Hills, Utah",USA
"Bountiful, UT",USA
"San Juan Capistrano, CA",USA
"Murray, UT",USA
"West Jordan, UT",USA
"Amherst, N.H.",USA
"Riverside, R.I.",USA
"Plymouth, Mass.",USA
"Providence, R.I.",USA
"LeClaire, Iowa",USA
"South Charleston, W.Va.",USA
"Calcutta, Ohio",USA
"Rockford, MI",USA
"Fisherville, KY",USA
"Columbus, IN",USA
"Waukesha, WI",USA
"Joliet, IL",USA
"Wooster, OH",USA
"Brownstown, IN",USA
"South Milwaukee, WI",USA
"Crawfordsville, IN",USA
"Carmel, IN",USA
"East Brunswick, N.J.",USA
"Ossining, N.Y.",USA
"Glendale, AZ",USA
"Manvel, TX",USA
"Metuchen, N.J.",USA
"North Canton, OH",USA
"Bay Village, OH",USA
"Wadsworth, OH",USA
"Elyria, OH",USA
"Medina, OH",USA
"Oakdale, PA",USA
"Barberton, OH",USA
"St. Charles, IL",USA
"Lorain, OH",USA
"Twinsburg, OH",USA
"Kirtland, OH",USA
"Fredericksburg, VA",USA
"Oneonta, NY",USA
"Farmingville, NY",USA
"Bremerton, WA",USA
"Hopewell Junction, NY",USA
"Deer Park, TX",USA
"Malverne, NY",USA
"North Potomac, MD",USA
"Lexington, MA",USA
"Northfield, MN",USA
"McLean, VA",USA
"Johnson City, TX",USA
"Leawood, KS",USA
"Woodland Hills, CA",USA
"Reston, VA",USA
"Edison, NJ",USA
"Menlo Park, CA",USA
"Sioux Falls, SD",USA
"Elkridge, MD",USA
"Fayetteville, GA",USA
"Catonsville, MD",USA
"Pearl River, N.Y.",USA
"Vernon, N.J.",USA
"Goffstown, N.H.",USA
"Bedford, N.H.",USA
"Londonderry, N.H.",USA
"Bloomington, IL",USA
"Concord, NC",USA
"Elk Grove, CA",USA
"Springfield, IL",USA
"Pleasant Hill, IA",USA
"Cheshire, CT",USA
"Manakin Sabot, VA",USA
"Prospect, KY",USA
"Radnor, PA",USA
"Wexford, PA",USA
"Richmond, VA",USA
"Ann Arbor, MI",USA
"La Mirada, CA",USA
"Schuylkill Haven, PA",USA
"Newark, DE",USA
"Lodi, OH",USA
"Manahawkin, NJ",USA
"Lynbrook, NY",USA
"Collegeville, PA",USA
"Central, SC",USA
"Honesdale, PA",USA
"Macungie, PA",USA
"Havertown, PA",USA
"West Orange, NJ",USA
"Commack, NY",USA
"Covington Township, PA",USA
"Washington, DC",USA
"Cape Girardeau, MO",USA
"Abingdon, IL",USA
"Willowbrook, IL",USA
"Raymore,MO",USA
"Sheldon, IL",USA
"Kewanee, IL",USA
"Morton, IL",USA
"Crown Point, IN",USA
"Ames, IA",USA
"Forsyth, IL",USA
"Medford, N.J.",USA
"Little Falls, N.J.",USA
"Pinehill, N.M.",USA
"Plattekill, N.Y.",USA
"Rock Hill, N.Y.",USA
"Bethpage, N.Y.",USA
"Papillion, NE",USA
"Coventry, RI",USA
"East Patchogue, N.Y.",USA
"New City, N.Y.",USA
"DeWitt, Iowa",USA
"Lafayette, LA",USA
"Pasadena, CA",USA
"Burbank, CA",USA
"Lotus, CA",USA
"Mountain Home, ID",USA
"Dassel, Minn.",USA
"Owatonna, Minn.",USA
"Mabel, Minn.",USA
"La Crescent, Minn.",USA
"Faribault, Minn.",USA
"Pine Island, Minn.",USA
"Plainview, Minn.",USA
"Lanesboro, Minn.",USA
"Portville, N.Y.",USA
"Hightstown, N.J.",USA
"Suffern, N.Y.",USA
"Denville, N.J.",USA
"Bergen, N.Y.",USA
"Goodhue, Minn.",USA
"Red Wing, Minn.",USA
"Cedar, Minn.",USA
"Bemidji, Minn.",USA
"Caledonia, Minn.",USA
"Carver, Minn.",USA
"Albertville, Minn.",USA
"Garden City South, N.Y.",USA
"Rye Brook, N.Y.",USA
"Mahopac, N.Y.",USA
"Yorktown Heights, N.Y.",USA
"Massapequa, N.Y.",USA
"Watertown, S.D.",USA
"Olivia, Minn.",USA
"Chaska, Minn.",USA
"Cleveland, Minn.",USA
"Sartell, Minn.",USA
Fort Mill SC,USA
"Newton, KS",USA
"Rawlins, WY",USA
"Caracas, Venezuela",USA
"Mulberry, FL",USA
"Smyrna, TN",USA
"Peoria, Ill.",USA
"Asbury, N.J.",USA
"Orion, Ill.",USA
"Nyack, N.Y.",USA
"Clemson, S.C.",USA
"Manville, N.J.",USA
"Etobicoke, Ont.",USA
"Alden, Minn.",USA
"Parker, S.D.",USA
"Canby, Minn.",USA
"Burnsville, Minn.",USA
"Apple Valley, Minn.",USA
"Peoria, Arz.",USA
"Rifton, N.Y.",USA
"Shkoder, Albania",USA
"LaSalle, Colo.",USA
"LaPorte, Ind.",USA
"Montgomery, AL",USA
"Bessemer, AL",USA
"Mobile, AL",USA
"Pleasant Grove, AL",USA
"Madison, AL",USA
"Chattanooga, TN",USA
"Auburn, AL",USA
"Irondale, AL",USA
"Broussard, LA",USA
"Laplace, LA",USA
"Biloxi, MS",USA
"Charles Town, W.Va.",USA
"Bayou Gauche, La.",USA
"Chuluota, Fla.",USA
"Onalaska, Wis.",USA
"Lees Summit, MO",USA
"Central Point, OR",USA
"Mount Horeb, WI",USA
"Hammond, WI",USA
"Oviedo, FL",USA
"Washington, MO",USA
"Rolla, MO",USA
"Herscher, IL",USA
"O'Fallon, MO",USA
"Bethany, MO",USA
"Colona, IL",USA
"Jacksonville, N.C.",USA
"Brick, N.J.",USA
"Lanoka Harbor, N.J.",USA
"Shorewood, Minn.",USA
"Plainfield, N.J.",USA
"Bay Shore, NY",USA
"Manhattan, NY",USA
"Yonkers, NY",USA
"Yorktown Heights, NY",USA
"Richmond Hill, NY",USA
"Monroe, CT",USA
"Rockaway, NY",USA
"Wellsburg, W. Va.",USA
"Leonia, N.J.",USA
"Allendale, N.J.",USA
"Piscataway, N.J.",USA
"Long Valley, N.J.",USA
"Hawthorne, N.J.",USA
"Franklin Lakes, N.J.",USA
"Williston Park, N.Y.",USA
"Cranford, N.J.",USA
"Davidson, N.C.",USA
"LaSalle, Mich.",USA
"Waterford, NY",USA
"Marcellus, NY",USA
"Old Forge, NY",USA
"Union Springs, NY",USA
"Douglaston, NY",USA
"Waterloo, NY",USA
"West Seneca, NY",USA
"Conesus, NY",USA
"Lake Luzerne, NY",USA
"Canastota, NY",USA
"Lake Forest, CA",USA
"Auburn, N.H.",USA
"Manchester, N.H.",USA
"Norfolk, VA",USA
"Ft. Lauderdale, FL",USA
"San Marino, CA",USA
"Palatine, IL",USA
"Rockville, MD",USA
"Ramsey, NJ",USA
"Milton, GA",USA
"Los Gatos, CA",USA
"Coto de Caza, CA",USA
"South Pasadena, CA",USA
"Far Rockaway, NY",USA
"Pomona, NY",USA
"NANUET, NY",USA
"Winchester, Mass.",USA
"East Greenwich, R.I.",USA
"Randleman, N.C.",USA
"Fort Lauerdale, FL",USA
"Pompano Beach, FL",USA
"Guaynabo, P.R.",USA
"Spicer, Minn.",USA
"Guaynabo, PR",USA
"Rapid City, SD",USA
"Old Tappan, N.J.",USA
"Dix Hills, N.Y.",USA
"Darien, CT",USA
"Winter Park, FL.",USA
"Geneva, FL",USA
"Lugoff, S.C.",USA
"State College, PA",USA
"Woodlawn, TX",USA
"Oberlin, OH",USA
"Frankfort, KY",USA
"Gansevoort, NY",USA
"Otisville, NY",USA
"Patchogue, NY",USA
"Long Beach, NY",USA
"Pearl River, NY",USA
"Montgomery, NY",USA
"Nassau, NY",USA
"Dryden, NY",USA
"Cortlandt Manor, NY",USA
"Shullsburg, WI",USA
"Galway, NY",USA
"East Patchogue, NY",USA
"Rockville Centre, NY",USA
"Ardsley, N.Y.",USA
"Nesconset, N.Y.",USA
"Dalton, PA",USA
"Sebastian, FL",USA
"Plattsburgh, N.Y.",USA
"Oswego, N.Y.",USA
"Elmira, N.Y.",USA
"Franklin Square, N.Y.",USA
Bucyrus,USA
"Carmel, N.Y.",USA
"Mount Vernon, N.Y.",USA
"Buchanon, N.Y.",USA
"South Windsor, CT",USA
"Sparta, N.J.",USA
"White Plains, N.Y.",USA
"Sugar Land, TX",USA
"Ebensbirg, PA",USA
"Davidsville, PA",USA
"Murrysville, PA",USA
"Bedford, PA",USA
"Rock Falls, IL",USA
"New Sewickley Township, PA",USA
"Johnstown, PA",USA
"Cranberry, PA",USA
"Plum Borough, PA",USA
"Westtown, N.Y.",USA
"Le Roy, N.Y.",USA
"Middle Island, N.Y.",USA
"Ballston Spa, N.Y.",USA
"Clifton Park, N.Y.",USA
"Mattituck, N.Y.",USA
"Saratoga Springs, N.Y.",USA
"White Plains, NY",USA
"Albany, N.Y.",USA
"Geneva, N.Y.",USA
"Peru, N.Y.",USA
"Slingerlands, N.Y.",USA
"Potsdam, N.Y.",USA
"Averill Park, N.Y.",USA
"Gansevoort, N.Y.",USA
"Mission, TX",USA
Cleveland OH,USA
"San Antionio, TX",USA
"Tampa Bay, FL",USA
"Bayside, N.Y.",USA
"Lynbrook, N.Y.",USA
"Bellerose, N.Y.",USA
"Saint James, N.Y.",USA
"Rodeo, CA",USA
"Torrance, CA",USA
"Long Island City, N.Y.",USA
"Centralia, IL",USA
"Maryland Heights, MO",USA
"Quincy, IL",USA
"St Charles, MO",USA
"Jasper, IN",USA
"Franklin, WI",USA
"Monte Vista, CO",USA
"Kenosha, WI",USA
"Woodland Park , NJ",USA
"Magnolia, NJ",USA
"Jackson, NJ",USA
"Wanaque, NJ",USA
"Fair Lawn, NJ",USA
Puerto Rico,USA
"Gilbert, AZ",USA
"Whittset, N.C.",USA
"Moyock, N.C.",USA
"Millville, UT",USA
"Milford, NE.",USA
"Lakeville, MN.",USA
"Goodland, KS.",USA
"Pearland, TX.",USA
"Johnston, R.I.",USA
"North Providence, R.I.",USA
"Cranston, R.I.",USA
"North Scituate, R.I.",USA
"Tiverton, R.I.",USA
"Saginaw, MICH.",USA
"Fayetteville, AR",USA
"Litchfield, AZ",USA
"Saint Louis, MO",USA
"Naperville, IL.",USA
"Staten Island, N.Y.",USA
"Campbell Hall, N.Y.",USA
"Sheepshead Bay, N.Y.",USA
"Homewood, IL",USA
"Somers, N.Y.",USA
"Charlotte, NC",USA
"New Hope, PA",USA
"Fairbanks, AK",USA
"New Woodstock, NY",USA
"Brentwood, CA",USA
"North Kingstown, R.I.",USA
"Barrington, N.H.",USA
"Milford, N.H.",USA
"Syosset, N.Y.",USA
"Marshall, Ind.",USA
"Aberdeen, MD",USA
"West NY, NJ",USA
"Newark, NJ",USA
"Lehi, UT",USA
"Camden, NJ",USA
"Warren, NJ",USA
"Arvada, CO",USA
"Linden, NJ",USA
"Bridgewater, NJ",USA
"Lake Geneva, WI",USA
"Elizabeth, NJ",USA
"Irvington, NJ",USA
"Farrell, PA",USA
"Lake George, N.Y.",USA
"North Babylon, N.Y.",USA
"Lino Lakes, Minn.",USA
"Scandia, Minn.",USA
"Morris, Minn.",USA
"Marshall, Minn.",USA
"Willmar, Minn.",USA
"Annandale, Minn.",USA
"Kimball, Minn.",USA
"Rice, Minn.",USA
"Barnesville, Minn.",USA
"Esko, Minn.",USA
"Columbia, MD",USA
"Desoto, TX",USA
"Rockford, IL",USA
"Prosper, TX",USA
"Merrillville, IN",USA
"Atlanta,GA",USA
"Centerville, Minn.",USA
"St. Joseph, Minn.",USA
"Wyoming, Minn.",USA
"Redwood Falls, Minn",USA
"Moorhead, Minn.",USA
"Jordan, Minn.",USA
"Roseville, Minn.",USA
"Scotia, NY",USA
"Moore, Oklahoma",USA
"Olean, N.Y.",USA
"Fayetteville, N.Y.",USA
"Virginia Beach, VA",USA
"Wynantskill, NY",USA
"New Hartford, N.Y.",USA
"West Falls, N.Y.",USA
"Canton, N.Y.",USA
"Trumansburg, N.Y.",USA
"Adams, N.Y.",USA
"Cazenovia, N.Y.",USA
"Millwood, N.Y.",USA
"Lusby, MD",USA
"Chesapeake City, MD",USA
"Severna Park, MD",USA
"Hollywood, MD",USA
"Germantown, MD",USA
"Redding, CT",USA
"Williamsburg, VA",USA
"Hagerstown, MD",USA
"California, MD",USA
"Onamia, Minn.",USA
"Savage, Minn.",USA
"Chatfield, Minn.",USA
"New York Mills, Minn.",USA
"McFarland, Wis.",USA
"Belle Mead, N.J.",USA
"Galloway, N.J.",USA
"Midland Park, N.J.",USA
"Duluth, Minn.",USA
"Biwabik, Minn.",USA
"Grand Forks, N.D.",USA
"Aberdeen, S.D.",USA
"Mora, Minn.",USA
"Big Lake, Minn.",USA
"Falcon Heights, Minn.",USA
"Minnetonka, Minn.",USA
"Lake Elmo, Minn.",USA
"Montgomery, Minn.",USA
"Becker, Minn.",USA
"Lodi, N.J.",USA
"Seaford, N.Y.",USA
"New Paltz, N.Y.",USA
"Justin, TX",USA
"Walla Walla, WA",USA
"Bonney Lake, WA",USA
"Fitchburg, WI",USA
"Redmond, WA",USA
"La Crosse, WI",USA
"Monroe, WA",USA
"Poulsbo, WA",USA
"University Place, WA",USA
"Cave Creek, AZ",USA
"Caldwell, N.J.",USA
"Glenville, NY",USA
"Brownsburg, IN",USA
"Arcadia, CA",USA
"Valrico, FL",USA
"Ardsley, NY",USA
"Galena, IL",USA
"Madison, NJ",USA
"Boulder, CO",USA
"Pittsford, NY",USA
"Lombard, IL",USA
"Sunnyvale, CA",USA
"Westport, CT",USA
"Greenlawn, NY",USA
"Tustin, CA",USA
"Milwaukee, WI",USA
"Winchester, MA",USA
"Chino Hills, CA",USA
"Minneapolis, MN",USA
"Medford Lakes, NJ",USA
"Half Moon Bay, CA",USA
"Berthoud, CO",USA
"Mill Valley, CA",USA
"Mandeville, LA",USA
"Matthews, NC",USA
"Spartanburg,SC",USA
"Moncks Corner,SC",USA
"Bowling Green, KY",USA
"Jonesboro, GA",USA
"Darlington, SC",USA
"Sumter, SC",USA
"East Hampton, N.Y.",USA
"Wayne, N.J.",USA
"Greenville, NC",USA
"Avon, IN",USA
"Columbia, TN",USA
"Henderson, KY",USA
"Chagrin Falls, OH",USA
"Covington, IN",USA
"Newburgh, IN",USA
"Chicago Heights, IL",USA
"Merrimack, NH",USA
"Moodus, CT",USA
"Rochester, NH",USA
"Wappingers Falls, NY",USA
"Biddeford, ME",USA
"Lawrence, MA",USA
"Pismo Beach, CA",USA
"Nottingham, NH",USA
"Williston, VT",USA
"Minnetrista, MN",USA
"Spanish Fork, UT",USA
"Upland, CA",USA
"Litchfield Park, AZ",USA
"Palos Heights, IL",USA
"Questa, N.M.",USA
"Staten Island, N.Y,",USA
"Island Park, N.Y.",USA
"Fairview, PA",USA
"Wyomissing, PA",USA
"Glen Mills, PA",USA
"Broomall, PA",USA
"Doylestown, PA",USA
"Charlottesville, VA",USA
"Dallas, PA",USA
"Annandale, VA",USA
"Lago Vista, TX",USA
"Scotch Plains, NJ",USA
"La Cañada Flintridge, Calif.",USA
"Portsmouth, N.H.",USA
"McAllen, Texas",USA
"Williamstown, NJ",USA
"Temple Hills, MD",USA
"Gaithersburg, MD",USA
"Silver Springs, MD",USA
"Owings, MD",USA
"Urbana, MD",USA
"Accokeek, MD",USA
"Oxon Hill, MD",USA
"Brandywine, MD",USA
"Capitol Heights, MD",USA
"Cuero, TX",USA
"Gibson City, IL",USA
"Waco, TX",USA
"Irving, TX",USA
"Double Oak, TX",USA
"Brookston, IN",USA
"Martinsville, IN",USA
"Boerne, TX",USA
"Cibolo, TX",USA
"Boardman, Ohio",USA
"Fayettville, N.C.",USA
"Croton on Hudson, NY",USA
"Calabasas, CA",USA
"Kalamazoo, MI",USA
"Califon, N.J.",USA
"Barrington, R.I.",USA
"Walkertown, N.C.",USA
"Orangeburge, S.C.",USA
"Greenlawn, N.Y.",USA
"Halfmoon, N.Y.",USA
"Harrington Park, N.J.",USA
"South Salem, N.Y.",USA
"Winston-Salem, N.C.",USA
"Granby, MA",USA
"Lone Tree, CO",USA
"Canyon Lake, TX",USA
"Oak Park, IL",USA
"Essex, VT",USA
"Laguna Niguel, CA",USA
"Hanover, VA",USA
"Newton, MA",USA
"Pembroke, VA",USA
"Yorktown, VA",USA
"Asheboro, NC",USA
"Belhaven, N.C.",USA
"Elk River, Minn.",USA
"Norwood Young America, Minn.",USA
"Parkersburg, W.Va.",USA
"Pine Hill, N.J.",USA
"McKees Rocks, Pa.",USA
"Bayamon, P.R.",USA
"Castroville, TX",USA
"Barkhamsted, Conn.",USA
"Centereach, N.Y.",USA
"Port Jefferson, N.Y.",USA
"Florida, N.Y.",USA
"Bellport, N.Y.",USA
"West Sayville, N.Y.",USA
"Red Hook, N.Y.",USA
"Maitland, Fla.",USA
"Fuquay Varina, N.C.",USA
"Big Sky, MT",USA
"Auburn, WA",USA
"Clear Lake, WA",USA
"Everett, WA",USA
"Fox Island, WA",USA
"Boise, ID",USA
"Larkspur, CA",USA
"Cheney, WA",USA
"Port Angeles, WA",USA
"Walpahu, Hi.",USA
"Williamstown, N.J.",USA
"Tamaqua, PA",USA
"Wyalusing, PA",USA
"East Hampton, CT",USA
"Fairfield, PA",USA
"Yaphank, NY",USA
"Wilkes-Barre, PA",USA
"New Hampton, NY",USA
"Palmyra, PA",USA
"Coudersport, PA",USA
"Mays Landing, NJ",USA
"Hanover Township, PA",USA
"Nanticoke, PA",USA
"Exton, PA",USA
"Bogota, N.J.",USA
"Loudoun, Va.",USA
"Harrison, N.J.",USA
"Woodland Park, N.J.",USA
"Milford, N.J.",USA
"Phenix City, AL",USA
"Mint Hill, NC",USA
"West Bloomfield, MI",USA
"St. Cloud, MN",USA
Port Washington,USA
Hartland,USA
"Marthasville, MO",USA
"Racine, WI",USA
"Dousman, WI",USA
"Moline, IL",USA
"Oak Creek, WI",USA
"Pennock, Minn.",USA
"New Prague, Minn.",USA
"Windom, Minn.",USA
"White Bear Lake, Minn.",USA
"Hayfield, Minn.",USA
"Corcoran, Minn.",USA
"Grand Rapids, Minn.",USA
"Hermanton, Minn.",USA
"St. Clair, Minn.",USA
"Gilbert, Minn.",USA
"Nashua, N.H.",USA
"Zeeland, MI",USA
"Yorktown, IN",USA
"Avon Lake, OH",USA
"Lakewood, IL",USA
"Little Elm, TX",USA
"Grover, NC",USA
"Mukwonago, WI",USA
"Sagamore Hills, OH",USA
"Connersville, IN",USA
"Saddle River, N.J.",USA
"Cheektowaga, NY",USA
"Basom, NY",USA
"Hamburg, NY",USA
"Mechanicville, NY",USA
"Ransomville, NY",USA
"Chaffee, NY",USA
"Edgerton, Minn.",USA
"Rollingstone, Minn.",USA
"Bird Island, Minn.",USA
"Pelham, N.H.",USA
"Falling Waters, W.Va.",USA
"Liberty City, TX",USA
"Garland, TX",USA
"Tatum, TX",USA
"Rowlett, TX",USA
"Haughton, LA",USA
"Wimberley, TX",USA
"Stafford, TX",USA
"Inglewood, CA",USA
"Spring Hill, TN",USA
"Clara City, Minn.",USA
"Slayton, Minn.",USA
"Lamberton, Minn.",USA
"Taylors Falls, Minn.",USA
"Colerain, N.C.",USA
"Columbia, SC",USA
"Inman, S.C.",USA
"Cassatt, S.C.",USA
"Pacolet, S.C.",USA
"Ninety Six, S.C.",USA
"Punta Gorda, FL",USA
"Woodland Park, CO",USA
"Newark, N.J.",USA
"Manahawkin, N.J.",USA
"Spring Lake, N.J.",USA
"Baldwin, N.Y.",USA
"Tuckerton, N.J.",USA
"Le Sueur, Minn.",USA
"Rush City, Minn.",USA
Fontana,USA
"Abiquiu, N.M.",USA
"Reno, NV",USA
"Crystal Lake, IL",USA
"West Covina, CA",USA
"San Bernardino, CA",USA
"Rialto, CA",USA
"Westerville,OH",USA
"Martinsburg, WV",USA
"Wiley Ford,WV",USA
"Akron,OH",USA
"Sugar Grove, OH",USA
"Marion, OH",USA
"McArthur, OH",USA
"Parkersburg, WV",USA
"Middletown, OH",USA
"Chillicothe,OH",USA
"Union, N.J.",USA
"Fond du Lac, Wis.",USA
"Cheyenne, WY",USA
"Potsdam, NY",USA
"Wynnewood, PA",USA
"Stone Mountain, GA",USA
"Manhattan, N.Y.",USA
"Charlotte, N.C",USA
"Hurricane, W.Va",USA
"Charleston, W.Va",USA
"Belington, W.Va",USA
"Buckhannon, W.Va.",USA
"Inwood, W.Va",USA
"Statesville, NC",USA
"Blue Bell, PA",USA
"Pleasant Valley, NY",USA
"Moncks Corner, SC",USA
"Caguas, PR",USA
"Lutherville, MD",USA
"Hasbrouck Heights, NJ",USA
"Minden, NV",USA
"Chula Vista, CA",USA
"Canyon Lake, CA",USA
"Chicago, Ill. / Mother McAuley Liberal Arts",USA
"DeBary, Fla. / Lake Brantley",USA
"East Orange, NJ",USA
"Roselle, NJ",USA
"Budd Lake, NJ",USA
"Ottumwa, IA",USA
"Santa Rose Beach, FL",USA
"Paterson, NJ",USA
"Fairfield, NJ",USA
"Narrows, VA",USA
"Reese, MI",USA
"Wytheville, VA",USA
"Riner, VA",USA
"Spring Grove, IL",USA
"Boynton Beach, FL",USA
"Laramie, WY",USA
"Radford, VA",USA
"Charles Town, WV",USA
"Red Oak, TX",USA
"Bonnie Lake, WA",USA
"Pleasant Prairie, WI",USA
"Oak Ridge, N.J.",USA
"Beachwood, NJ",USA
"Toms River, N.J.",USA
"Chatsworth, N.J.",USA
"Roselle, N.J.",USA
"Hillside, N.J.",USA
"Kingston, PA",USA
Jacksonville. NC,USA
"Harmony, N.C.",USA
"Catawba, N.C.",USA
"Purlear, N.C.",USA
"Norwood, N.C.",USA
"Liberty, N.C.",USA
"Chesterfield, S.C.",USA
"Mt. Pleasant, N.C.",USA
